,dtype,n_unique,missing_sum,is_numeric,is_categorical
service_request_id,int64,378669,0,True,False
service_request_parent_id,float64,25696,336670,True,False
sap_notification_number,float64,46830,331838,True,False
date_requested,object,234665,0,False,True
case_age_days,int64,2442,0,True,False
case_record_type,object,12,0,False,True
service_name,object,42,180,False,True
service_name_detail,object,262,138389,False,True
date_closed,object,365,0,False,True
status,object,2,0,False,True
lat,float64,321560,399,True,False
lng,float64,319863,399,True,False
street_address,object,187351,1100,False,True
zipcode,float64,66,7024,True,False
council_district,float64,9,1233,True,False
comm_plan_code,float64,57,1296,True,False
comm_plan_name,object,59,1296,False,True
park_name,object,368,362626,False,True
case_origin,object,21,84,False,True
referred,object,14536,348677,False,True
iamfloc,object,69634,39341,False,True
floc,object,52199,41491,False,True
public_description,object,243567,66260,False,True
